{"loss": [1.4913221597671509, 0.48663491010665894, 0.28419503569602966, 0.1924845278263092, 0.14555445313453674, 0.11209171265363693, 0.09127169847488403, 0.07419883459806442, 0.0648258626461029, 0.05610807612538338], "accuracy": [0.5629845857620239, 0.8454086184501648, 0.9083718657493591, 0.9368376135826111, 0.952229917049408, 0.9630699157714844, 0.9694004058837891, 0.9760153889656067, 0.9790027737617493, 0.9817199110984802], "val_loss": [0.5342186689376831, 0.2844248414039612, 0.23094536364078522, 0.1583642214536667, 0.1840837597846985, 0.15325681865215302, 0.23964336514472961, 0.14955434203147888, 0.15066832304000854, 0.12559762597084045], "val_accuracy": [0.8308103680610657, 0.9103118777275085, 0.925563395023346, 0.9495219588279724, 0.9437741637229919, 0.9506032466888428, 0.9323355555534363, 0.9558388590812683, 0.954757571220398, 0.9665945768356323]}